Title,Author,Publication Year,Genre,Description
Dune,Frank Herbert,1965,Science Fiction,A complex tale of politics and religion set on the desert planet Arrakis.
Neuromancer,William Gibson,1984,Cyberpunk,A classic cyberpunk novel featuring a washed-up computer hacker.
Snow Crash,Neal Stephenson,1992,Cyberpunk,"A fast-paced, action-packed story in a dystopian future."
The Left Hand of Darkness,Ursula K. Le Guin,1969,Science Fiction,Explores themes of gender and sexuality on a distant planet.
Foundation,Isaac Asimov,1951,Science Fiction,"A foundational work in the genre, focusing on the rise and fall of civilizations."
Hyperion,Dan Simmons,1989,Science Fiction,A space opera with a quest narrative set in a far-future universe.
The Stars My Destination,Alfred Bester,1956,Science Fiction,A revenge-driven space opera with a high-stakes plot.
Altered Carbon,Richard K. Morgan,2002,Cyberpunk,"Set in a dystopian future, a mercenary gets caught in a web of intrigue."
Do Androids Dream of Electric Sheep?,Philip K. Dick,1968,Science Fiction,A dystopian classic about synthetic humans and artificial intelligence.
The Martian,Andy Weir,2011,Science Fiction,A gripping survival story about an astronaut stranded on Mars.
Brave New World,Aldous Huxley,1932,Dystopian,A dystopian society where people are conditioned to conform.
Fahrenheit 451,Ray Bradbury,1953,Dystopian,A future where books are burned and critical thinking is suppressed.
Ender's Game,Orson Scott Card,1985,Science Fiction,A young boy is trained to become a military leader in a future war.
The Forever War,Joe Haldeman,1974,Military Science Fiction,A war story that examines the impact of future technology on soldiers.
Red Mars,Kim Stanley Robinson,1990,Science Fiction,The first book in a trilogy about the colonization of Mars.
The Dispossessed,Ursula K. Le Guin,1974,Science Fiction,An exploration of anarcho-syndicalism on a distant moon.
2001: A Space Odyssey,Arthur C. Clarke,1968,Science Fiction,A classic about the evolution of humanity and extraterrestrial life.
The Hitchhiker's Guide to the Galaxy,Douglas Adams,1979,Science Fiction,A comedic and philosophical space adventure.
Stranger in a Strange Land,Robert A. Heinlein,1961,Science Fiction,A tale of humanityâ€™s struggle with a superior alien race.
Childhood's End,Arthur C. Clarke,1953,Science Fiction,A person who is lost on a island in the middle of nowhere
